sentence,true_insight,predicted_insight,confidence,rationale
"According to Gran , the company has no plans to move all production to Russia , although that is where the company is growing .",neutral,neutral,0.3,The statement provides strategic context about production location without quantifiable financial metrics or clear indicators of growth impact on profitability.
"For the last quarter of 2010 , Componenta 's net sales doubled to EUR131m from EUR76m for the same period a year earlier , while it moved to a zero pre-tax profit from a pre-tax loss of EUR7m .",positive,positive,0.9,"The doubling of net sales to EUR131m represents significant growth, which is a clear indicator of positive financial performance despite the pre-tax profit remaining at zero."
"In the third quarter of 2010 , net sales increased by 5.2 % to EUR 205.5 mn , and operating profit by 34.9 % to EUR 23.5 mn .",positive,positive,0.95,"The significant increase in operating profit (34.9%) indicates strong operational performance and efficiency gains, driving a positive sentiment."
Operating profit rose to EUR 13.1 mn from EUR 8.7 mn in the corresponding period in 2007 representing 7.7 % of net sales .,positive,positive,0.95,"Operating profit increased by EUR 4.4 million (50.6% growth) compared to the prior year period, demonstrating strong operational performance and growth."
"Operating profit totalled EUR 21.1 mn , up from EUR 18.6 mn in 2007 , representing 9.7 % of net sales .",positive,positive,0.95,"The operating profit increased by EUR 2.5 mn (13.4%) from 2007, indicating growth in core operational performance."
"Finnish Talentum reports its operating profit increased to EUR 20.5 mn in 2005 from EUR 9.3 mn in 2004 , and net sales totaled EUR 103.3 mn , up from EUR 96.4 mn .",positive,positive,0.95,"The statement highlights significant growth in operating profit (EUR 20.5 mn vs. EUR 9.3 mn) and net sales (EUR 103.3 mn vs. EUR 96.4 mn), demonstrating strong operational performance and revenue expansion."
"Clothing retail chain Sepp+l+ 's sales increased by 8 % to EUR 155.2 mn , and operating profit rose to EUR 31.1 mn from EUR 17.1 mn in 2004 .",positive,positive,0.95,The 8% sales growth and 82% increase in operating profit demonstrate strong operational performance and margin expansion.
"Consolidated net sales increased 16 % to reach EUR74 .8 m , while operating profit amounted to EUR0 .9 m compared to a loss of EUR0 .7 m in the prior year period .",positive,positive,0.95,The 16% sales growth and transition from a prior-year operating loss to a profit demonstrate strong operational improvement and top-line expansion.
"Foundries division reports its sales increased by 9.7 % to EUR 63.1 mn from EUR 57.5 mn in the corresponding period in 2006 , and sales of the Machine Shop division increased by 16.4 % to EUR 41.2 mn from EUR 35.4 mn in the corresponding period in 2006 .",positive,positive,0.95,"The Foundries and Machine Shop divisions both demonstrated significant sales growth (9.7% and 16.4% respectively) compared to the prior year period, indicating strong operational performance and revenue expansion."
"HELSINKI ( AFX ) - Shares closed higher , led by Nokia after it announced plans to team up with Sanyo to manufacture 3G handsets , and by Nokian Tyres after its fourth-quarter earnings report beat analysts ' expectations , dealers said .",positive,positive,0.95,"The statement highlights Nokian Tyres beating earnings expectations and Nokia's strategic partnership driving share price growth, both of which align with exceeding expectations and operational expansion."
"Its board of directors will propose a dividend of EUR0 .12 per share for 2010 , up from the EUR0 .08 per share paid in 2009 .",positive,positive,0.95,"The 50% increase in dividend per share indicates improved profitability or cash flow generation, signaling strong financial performance."
"MegaFon 's subscriber base increased 16.1 % in 2009 to 50.5 million users as of December 31 , while its market share by the number of customers amounted to 24 % as of late 2009 , up from 23 % as of late 2008 , according to TeliaSonera estimates .",positive,positive,0.95,The subscriber base growth of 16.1% and increased market share indicate positive expansion in customer base and market position.
"Net income from life insurance doubled to EUR 6.8 mn from EUR 3.2 mn , and net income from non-life insurance rose to EUR 5.2 mn from EUR 1.5 mn in the corresponding period in 2009 .",positive,positive,0.95,"Both life and non-life insurance segments show significant growth in net income, doubling and increasing respectively, indicating strong operational performance."
Net sales increased to EUR193 .3 m from EUR179 .9 m and pretax profit rose by 34.2 % to EUR43 .1 m. ( EUR1 = USD1 .4 ),positive,positive,0.95,"The statement shows significant growth in both net sales (13.4M EUR increase) and pretax profit (34.2% rise), indicating strong operational performance and revenue expansion."
"Net sales surged by 18.5 % to EUR167 .8 m. Teleste said that EUR20 .4 m , or 12.2 % , of the sales came from the acquisitions made in 2009 .",positive,positive,0.95,"The 18.5% surge in net sales demonstrates significant growth, which is a clear indicator of positive financial performance despite the portion attributed to acquisitions."
Nordea Group 's operating profit increased in 2010 by 18 percent year-on-year to 3.64 billion euros and total revenue by 3 percent to 9.33 billion euros .,positive,positive,0.9,"The 18% year-on-year growth in operating profit and 3% revenue increase demonstrate strong operational performance and growth, aligning with positive sentiment criteria."
"Operating profit for the nine-month period increased from EUR13 .6 m , while net sales increased from EUR394 .7 m , as compared to the corresponding period in 2005 .",positive,positive,0.95,"Both operating profit and net sales show measurable growth compared to the prior period, indicating strong operational performance and revenue expansion."
"Operating profit for the three-month period increased from EUR1 .2 m , while revenue increased from EUR20 .2 m , as compared to the corresponding period in 2005 .",positive,positive,0.95,"Both operating profit and revenue show growth compared to the corresponding period in 2005, indicating strong operational performance and top-line expansion."
"The company 's net profit rose 11.4 % on the year to 82.2 million euros in 2005 on sales of 686.5 million euros , 13.8 % up on the year , the company said earlier .",positive,positive,0.95,"The company reported a 11.4% increase in net profit and 13.8% growth in sales, indicating positive financial performance."
"The Lithuanian beer market made up 14.41 million liters in January , a rise of 0.8 percent from the year-earlier figure , the Lithuanian Brewers ' Association reporting citing the results from its members .",positive,positive,0.7,"The 0.8% year-over-year increase in Lithuanian beer market volume indicates growth, which aligns with the positive classification criteria for market expansion."
"Viking Line 's cargo revenue increased by 5.4 % to EUR 21.46 mn , and cargo volume increased by 2.4 % to 70,116 cargo units .",positive,positive,0.95,"The statement highlights double-digit revenue growth (5.4%) and measurable volume increase (2.4%) in cargo operations, demonstrating strong top-line performance and operational demand."
"The fair value of the property portfolio doubled as a result of the Kapiteeli acquisition and totalled EUR 2,686.2 1,259.7 million .",positive,positive,0.95,"The fair value of the property portfolio doubled (EUR 2,686.2M vs. EUR 1,259.7M) due to the Kapiteeli acquisition, indicating significant growth driven by strategic expansion."
10 February 2011 - Finnish media company Sanoma Oyj HEL : SAA1V said yesterday its 2010 net profit almost tripled to EUR297 .3 m from EUR107 .1 m for 2009 and announced a proposal for a raised payout .,positive,positive,0.95,"The tripling of net profit to EUR297.3m from EUR107.1m demonstrates significant growth, which aligns with the positive classification criteria of exceeding expectations."
"A Helsinki : ELIiV today reported EPS of EUR1 .13 for 2009 , an increase over EPS of EUR1 .12 in 2008 .",positive,positive,0.8,"The EPS increase from EUR1.12 to EUR1.13 reflects growth in profitability, indicating improved financial performance."
"Commission income increased by 22 % to EUR 4.4 mn , and lending volume rose by 13.5 % .",positive,positive,0.95,"The statement highlights significant growth in commission income (22% increase) and lending volume (13.5% rise), which aligns with the positive criteria of growth and operational expansion."
"In January , traffic , measured in revenue passenger kilometres RPK , went up by 3.2 % and capacity , measured in available seat kilometres ASK , rose by 12.2 % .",positive,positive,0.95,"The 3.2% increase in revenue passenger kilometres (RPK) and 12.2% rise in available seat kilometres (ASK) demonstrate strong operational growth, indicating demand expansion and capacity utilization improvements."
"In January-September 2010 , Fiskars ' net profit went up by 14 % year-on-year to EUR 65.4 million and net sales to EUR 525.3 million from EUR 487.7 million .",positive,positive,0.95,"The statement shows year-on-year growth in both net profit (14% increase) and net sales (up EUR 37.6 million), indicating strong operational performance and revenue expansion."
"Net income from life insurance rose to EUR 16.5 mn from EUR 14.0 mn , and net income from non-life insurance to EUR 22.6 mn from EUR 15.2 mn in 2009 .",positive,positive,0.95,"The statement shows significant growth in both life and non-life insurance net income segments, indicating strong operational performance and revenue expansion."
Sales have risen in other export markets .,positive,positive,0.85,"The statement indicates growth in sales within export markets, aligning with the positive criterion of revenue expansion."
Sales increased due to growing market rates and increased operations .,positive,positive,0.9,"The sales increase is driven by positive factors such as growing market rates and expanded operations, indicating growth and operational momentum."
The agreement strengthens our long-term partnership with Nokia Siemens Networks .,positive,neutral,0.7,"The statement describes a strategic partnership agreement without mentioning specific financial metrics, numerical deltas, or operational impacts that directly correlate to growth, margin expansion, or debt reduction."
"The company 's order book stood at 1.5 bln euro $ 2.2 bln on September 30 , 2007 , up by 24.2 pct on the year , with international orders amounting to 365 mln euro $ 534.3 mln .",positive,positive,0.95,"The 24.2% year-over-year growth in the order book demonstrates significant expansion and strong demand, which are clear indicators of positive business momentum."
"The company said that paper demand increased in all of its main markets , including of publication papers , and that it increased average paper prices by 4 percent compared with last year .",positive,positive,0.95,The 4% price increase alongside broad-based demand growth across all main markets indicates strong pricing power and expansionary trends.
"The world 's second largest stainless steel maker said net profit in the three-month period until Dec. 31 surged to euro603 million US$ 781 million , or euro3 .33 US$ 4.31 per share , from euro172 million , or euro0 .94 per share , the previous year .",positive,positive,0.95,"The company's net profit surged by 250% year-over-year, demonstrating significant growth and exceeding expectations."
"Shares of Standard Chartered ( STAN ) rose 1.2 % in the FTSE 100 , while Royal Bank of Scotland ( RBS ) shares rose 2 % and Barclays shares ( BARC ) ( BCS ) were up 1.7 % .",positive,neutral,0.95,"The statement reports stock price movements without linking them to specific financial performance metrics or operational context, constituting purely factual market data."
Shares of Nokia Corp. rose Thursday after the cell phone maker said its third-quarter earnings almost doubled and its share of the global handset market increased .,positive,positive,0.95,"The statement highlights earnings growth (almost doubled) and market share expansion, which are clear indicators of strong financial performance and operational success."
"In its financial report , published on Friday , SEB said its net profit soared to SEK6 .745 bn in 2010 from a year-earlier SEK1 .114 bn and proposed a 50 % dividend increase to SEK1 .50 per share .",positive,positive,0.95,"The statement highlights a significant increase in net profit (SEK6.745 bn vs SEK1.114 bn) and a substantial dividend raise, indicating strong growth and profitability."
"At the request of Finnish media company Alma Media 's newspapers , research manager Jari Kaivo-oja at the Finland Futures Research Centre at the Turku School of Economics has drawn up a future scenario for Finland 's national economy by using a model developed by the University of Denver .",neutral,neutral,0.1,"The statement describes a factual research initiative undertaken at the request of Alma Media's newspapers, with no direct financial performance metrics or operational implications for the company."
STOCK EXCHANGE ANNOUNCEMENT 20 July 2006 1 ( 1 ) BASWARE SHARE SUBSCRIPTIONS WITH WARRANTS AND INCREASE IN SHARE CAPITAL A total of 119 850 shares have been subscribed with BasWare Warrant Program .,neutral,neutral,0.8,The statement provides factual information about share subscriptions and capital increase without indicating financial performance metrics or operational outcomes that would drive positive/negative sentiment.
"A maximum of 666,104 new shares can further be subscribed for by exercising B options under the 2004 stock option plan .",neutral,neutral,0.95,"The statement provides factual information about the maximum number of shares available under an existing stock option plan, which is a routine disclosure without indicating growth, contraction, or financial stress."
Tiimari operates 194 stores in six countries -- including its core Finnish market -- and generated a turnover of 76.5 mln eur in 2005 .,neutral,neutral,0.95,"The statement provides factual operational data without indicating growth, contraction, or financial stress indicators."
The acquisition will considerably increase Kemira 's sales and market position in the Russian metal industry coatings market .,positive,positive,0.95,"The statement highlights significant sales growth and enhanced market position through acquisition, which are clear indicators of positive fiscal momentum."
"In January-September 2007 , Finnlines ' net sales rose to EUR 505.4 mn from EUR 473.5 mn in the corresponding period in 2006 .",positive,positive,0.95,The 6.7% year-over-year increase in net sales demonstrates growth driven by stronger revenue performance.
"Adjusted for changes in the Group structure , the Division 's net sales increased by 1.7 % .",positive,positive,0.7,"The division's net sales grew by 1.7% after adjusting for structural changes, indicating positive growth despite potential complexities from the group reorganization."
"4 February 2011 - Finnish broadband data communication systems provider Teleste Oyj HEL : TLT1V saw its net profit jump to EUR2 .1 m for the last quarter of 2010 from EUR995 ,000 for the same period of 2009 .",positive,positive,0.95,"The net profit increased by 111% from EUR995,000 to EUR2.1m, indicating strong growth."
Finnish Aktia Group 's operating profit rose to EUR 17.5 mn in the first quarter of 2010 from EUR 8.2 mn in the first quarter of 2009 .,positive,positive,0.95,The operating profit more than doubled (EUR 17.5 mn vs EUR 8.2 mn) indicating strong growth and improved operational performance.
Finnish Bank of +land 's consolidated net operating profit increased from EUR 4.8 mn in the first quarter of 2005 to EUR 6.4 mn in the first quarter of 2006 .,positive,positive,0.95,The 33.3% year-over-year increase in consolidated net operating profit demonstrates measurable growth in operational performance.
"Finnish financial group Aktia reports operating profit of EUR 44.4 mn in January-September 2009 , up from EUR 37.3 mn in the corresponding period in 2008 .",positive,positive,0.95,"The operating profit increased by EUR 7.1 million (19%) year-over-year, indicating growth in core operational performance."
"Finnish high technology provider Vaahto Group reports net sales of EUR 41.8 mn in the accounting period September 2007 - February 2008 , an increase of 11.2 % from a year earlier .",positive,positive,0.95,"The company reported a 11.2% year-over-year increase in net sales, indicating positive growth."
Net sales of Finnish food industry company L+nnen Tehtaat 's continuing operations increased by 13 % in 2008 to EUR 349.1 mn from EUR 309.6 mn in 2007 .,positive,positive,1.0,"The 13% year-over-year increase in net sales demonstrates measurable growth in continuing operations, aligning with the positive criterion of exceeding expectations."
Biohit already services many current Genesis customers and the customer base is expected to expand as a result of this agreement .,positive,positive,0.95,The expectation of customer base expansion indicates growth potential and enhanced market penetration.
"Both operating profit and turnover for the three-month period increased , respectively from EUR0 .9 m and EUR8 .3 m , as compared to the corresponding period in 2005 .",positive,positive,0.95,"The statement highlights growth in both operating profit and turnover compared to 2005, indicating strong operational performance and revenue expansion."
Circulation revenue has increased by 5 % in Finland and 4 % in Sweden in 2008 .,positive,positive,0.9,Revenue growth in key markets (Finland and Sweden) demonstrates expansion and strong performance relative to prior periods.
Clothing chain Sepp+l+ 's net sales increased by 7.0 % to EUR 30.8 mn .,positive,positive,0.85,"The 7.0% year-over-year growth in net sales to EUR 30.8 mn indicates strong top-line performance and revenue expansion, aligning with the 'growth' criterion for positive sentiment."
Construction volumes meanwhile grow at a rate of 10-15 percent annually .,positive,positive,0.95,"The statement indicates a significant annual growth rate in construction volumes, which aligns with the positive classification criteria of growth."
"However , Biohit estimates its total net sales will continue to grow in 2009 , and that favourable trends in net sales will lead to a profit in 2009 .",positive,positive,0.85,"The statement highlights expected continued growth in net sales and a projected profit for 2009, which directly aligns with positive fiscal drivers of revenue expansion and profitability."
"In 2009 , Fiskars ' cash flow from operating activities amounted to EUR121m , up from EUR97m in the previous year .",positive,positive,0.95,"The cash flow from operating activities increased by EUR24m, indicating improved operational efficiency and stronger cash generation, which are positive signs for the company's financial health."
"In Lithuania , operating profit rose to EUR 190,000 from EUR 70,000 in the corresponding period in 2005 .",positive,positive,0.95,"The operating profit showed significant growth from EUR 70,000 to EUR 190,000, indicating improved operational performance."
"In the fourth quarter of 2008 , net sales increased by 2 % to EUR 1,050.7 mn from EUR 1,027.0 mn in the fourth quarter of 2007 .",positive,positive,0.9,"The 2% increase in net sales demonstrates growth, which aligns with the positive fiscal driver of revenue expansion."
"International sales rose by 59.8 % to EUR 1,244.4 mn .",positive,positive,0.95,"The 59.8% increase in international sales indicates strong growth in overseas markets, aligning with positive fiscal performance."
Net sales grew in the period to  x20ac 402 million $ 585US million from  x20ac 401 million in 2006 .,positive,positive,0.95,"Net sales growth indicates expansion in revenue generation, aligning with the positive classification criteria for growth."
Net sales increased to EUR655m in April to June 2010 from EUR438m a year earlier .,positive,positive,0.95,The significant year-over-year increase in net sales demonstrates robust growth driven by stronger revenue performance.
"Net sales rose by 25.5 % year-on-year to EUR59 .6 m , as the number of chargers delivered went up by 41 % to 65.9 million pieces .",positive,positive,0.95,"The 25.5% year-on-year net sales growth coupled with a 41% increase in charger deliveries indicates strong demand growth and operational scalability, both key drivers of positive financial sentiment."
"Net sales totaled EUR 93.6 mn , up from EUR 93.2 mn in the corresponding period in 2005 .",positive,neutral,0.5,The increase in net sales is minimal and may not indicate significant growth.
Operating profit increased by 145.1 % to EUR 8.3 mn from EUR 3.4 mn .,positive,positive,0.95,The 145.1% year-over-year growth in operating profit to EUR 8.3 mn demonstrates significant operational performance improvement.
Operating profit margin increased from 11.2 % to 11.7 % .,positive,positive,0.9,"The operating profit margin expansion indicates improved cost management or pricing power, which is a positive sign for the company's profitability."
Operating profit rose to EUR 3.11 mn from EUR 1.22 mn in the corresponding period in 2009 .,positive,positive,0.95,"The operating profit increased significantly from EUR 1.22 mn to EUR 3.11 mn, demonstrating strong growth in core operational performance."
Operating profit rose to EUR 5mn from EUR 2.8 mn in the fourth quarter of 2008 .,positive,positive,0.95,"Operating profit increased by 71.4% from EUR 2.8 mn to EUR 5 mn, demonstrating significant growth."
"Operating profit was EUR 24.5 mn , up from EUR 23.0 mn .",positive,positive,0.95,"Operating profit increased by EUR 1.5 mn, indicating growth in core operations."
"Ramirent 's net sales in the second quarterended June 30 were EURO 128.7 million about U.S. $ 163 million , a 3.3-percent increase compared with EURO 124.6 million for thesecond quarter last year .",positive,positive,0.95,"The 3.3-percent increase in net sales demonstrates growth, aligning with the positive classification criteria for revenue expansion."
"Revenue grew by 2 percent to  x20ac 580 million $ 743 million , from  x20ac 569 million .",positive,positive,0.95,"The 2% revenue growth indicates expansion in top-line performance, aligning with the positive criteria for growth."
"Ruukki 's delivery volumes and selling prices showed favourable development and the company 's comparable net sales grew by 50 % year-on-year to EUR647m , CEO Sakari Tamminen said .",positive,positive,0.95,"The 50% year-on-year growth in comparable net sales demonstrates significant revenue expansion, aligning with the 'growth' criterion for positive sentiment."
"The company 's consolidated operating profit amounted to EUR 15.86 mn , up from EUR 4.14 mn year-on-year .",positive,positive,0.95,The year-on-year increase in consolidated operating profit from EUR 4.14 mn to EUR 15.86 mn demonstrates significant growth in core operational performance.
The Department Store Division reported an increase in sales of 4 per cent .,positive,positive,0.95,"The 4% sales increase represents growth, which aligns with the positive fiscal driver of expansion."
The fair value of the company 's investment properties grew to EUR 2.803 billion at the end of March 2009 from EUR 2.691 million a year ago .,positive,positive,0.95,The significant growth in fair value of investment properties (EUR 2.803 billion vs. EUR 2.691 million) indicates positive market valuation trends and potential asset appreciation.
"The last quarter was the best quarter of 2009 in net sales , and the operating margin rose to 12.2 % .",positive,positive,0.95,The operating margin expansion to 12.2% and the quarter being the best in 2009 for net sales indicate improved operational efficiency and revenue growth.
"The major breweries increased their domestic beer sales by 4.5 per cent last year , to 256.88 million litres from 245.92 million litres in 2004 .",positive,positive,0.95,"The 4.5% year-over-year sales growth demonstrates expansion in domestic beer sales, indicating strong demand and operational performance."
- Operating profit rose by 26.9 % to EUR 105.8 ( 83.4 ) million .,positive,positive,0.95,The 26.9% year-over-year increase in operating profit to EUR 105.8 million demonstrates strong growth and operational efficiency.
21 October 2010 - Finnish fishing tackle company Rapala VMC Corp ( HEL : RAP1V ) said today its net profit rose to EUR18 .9 m for the first nine months of 2010 from EUR15 .1 m for the same period a year earlier .,positive,positive,0.95,The 25% year-over-year increase in net profit (EUR15.1m to EUR18.9m) demonstrates significant growth aligning with the positive classification criteria.
"According to Finnish Metso Minerals , the value of the company 's orders has gone up to EUR 1.9 bn in 12 months .",positive,positive,0.95,"The statement highlights growth in orders (EUR 1.9 bn) over a 12-month period, indicating increased demand and potential revenue growth."
Finnish Bank of +land reports its operating profit rose to EUR 21.3 mn in the second quarter of 2009 from EUR 6.1 mn in the corresponding period in 2008 .,positive,positive,0.95,"The operating profit increased significantly from EUR 6.1 mn to EUR 21.3 mn, demonstrating strong growth and exceeding prior-year performance."
Finnish financial group Aktia 's operating profit for 2009 increased to EUR 47.0 mn from EUR 6.6 mn in 2008 .,positive,positive,0.95,"The operating profit increased significantly from EUR 6.6 mn to EUR 47.0 mn, indicating strong growth."
Finnish forest machinery manufacturer Ponsse 's net sales grew to EUR 51.3 mn in the first quarter of 2010 from EUR 37.5 mn in the corresponding period in 2009 .,positive,positive,1.0,"Net sales increased by EUR 13.8 million (36.8% growth) from EUR 37.5 mn to EUR 51.3 mn, demonstrating strong revenue expansion."
Finnish KCI Konecranes has raised its net sales growth estimate for 2006 from over 25 % to over 35 % .,positive,positive,0.95,"The significant upward revision of net sales growth estimate from 25% to 35% indicates heightened confidence in revenue expansion, aligning with the 'exceeding expectations' criterion."
"According to HKScan Finland , the plan is to increase J+rvi-Suomen Portti 's net sales to EUR 80mn to EUR 100mn .",positive,positive,0.95,"The statement demonstrates planned growth in net sales from EUR 80mn to EUR 100mn, indicating expansion and revenue acceleration as key fiscal drivers."
"Advertising and circulation revenues grew by 3.4 % and by 0.4 % , respectively .",positive,positive,0.8,"The statement reports growth in both advertising and circulation revenues, indicating positive momentum in key revenue streams."
"At the end of March 2007 , the group 's order book was at EUR 39.6 mn , up 42 % from the corresponding period in 2006 .",positive,positive,0.95,"The 42% year-over-year growth in the order book indicates strong demand and business expansion, which are positive fiscal drivers for investor sentiment."
"At the same time profit of the company increased by 10 % in H1 and reached Ls 79,000 .",positive,positive,0.9,"The 10% year-over-year growth in profit demonstrates strong operational performance and revenue expansion, which aligns with the positive classification criteria."
"Both operating profit and net sales for the 12-month period increased , respectively from EUR10 .5 m and EUR28 .8 m , as compared to the financial year 2004 .",positive,positive,0.95,"The statement demonstrates growth in both operating profit and net sales compared to 2004, indicating strong operational performance and revenue expansion."
"Both operating profit and net sales for the 12-month period increased , respectively from EUR20 .8 m and EUR177 .7 m , as compared to the financial year 2004 .",positive,positive,0.95,"The statement demonstrates growth in both operating profit and net sales compared to 2004, indicating strong operational performance and revenue expansion."
"Both operating profit and net sales for the 12-month period increased , respectively from EUR21 .5 m and EUR196 .1 m , as compared to 2005 .",positive,positive,0.95,"The statement shows clear growth in both operating profit and net sales compared to 2005, indicating strong operational performance and revenue expansion."
"Both operating profit and net sales for the 12-month period increased , respectively from EUR4 .7 m and EUR26 .7 m , as compared to 2004 .",positive,positive,0.95,"Both operating profit and net sales showed measurable growth compared to 2004, indicating strong operational performance and revenue expansion."
"Both operating profit and net sales for the nine-month period increased , respectively by 26.6 % and 3.4 % , as compared to the corresponding period in 2006 .",positive,positive,0.95,"Both operating profit and net sales demonstrated growth (26.6% and 3.4% increases respectively) compared to the prior period, indicating strong operational performance and revenue expansion."
"Both operating profit and net sales for the six-month period increased , respectively , from EUR13 .8 m and EUR143 .6 m , as compared to the corresponding period in 2007 .",positive,positive,0.95,"The statement demonstrates growth in both operating profit and net sales compared to 2007, indicating strong performance and revenue expansion."
"Both operating profit and net sales for the six-month period increased , respectively from EUR0 .4 m and EUR3 .2 m , as compared to the corresponding period in 2005 .",positive,positive,0.95,"The statement highlights growth in both operating profit and net sales compared to 2005, indicating strong performance and revenue expansion."
"Both operating profit and net sales for the six-month period increased , respectively from EUR18 .1 m and EUR127 .6 m , as compared to the corresponding period in 2006 .",positive,positive,0.95,"The statement demonstrates growth in both operating profit and net sales compared to 2006, indicating strong performance and revenue expansion."
"Both operating profit and net sales for the six-month period increased , respectively from EUR7 .5 m and EUR655 .5 m , as compared to the corresponding period in 2005 .",positive,positive,1.0,"The statement highlights growth in both operating profit and net sales compared to 2005, indicating strong performance and revenue expansion."
"Both operating profit and net sales for the three-month period increased , respectively from EUR15 .1 m and EUR131 .5 m , as compared to the corresponding period in 2005 .",positive,positive,0.95,"The statement highlights growth in both operating profit and net sales compared to 2005, demonstrating revenue and profitability expansion."
"Both operating profit and net sales for the three-month period increased , respectively from EUR16 .0 m and EUR139m , as compared to the corresponding quarter in 2006 .",positive,positive,0.95,"The statement shows growth in both operating profit and net sales compared to a prior period, indicating strong operational performance."
"Both operating profit and sales for the three-month period increased , respectively from EUR0 .3 m and EUR13 .1 m , as compared to the corresponding period in 2005 .",positive,positive,0.95,"The statement demonstrates clear growth in both operating profit and sales compared to the prior year period, which aligns with the positive classification criteria for financial performance."
"Both operating profit and turnover for the nine-month period increased , respectively from EUR2 .4 m and EUR43 .8 m , as compared to the corresponding period a year ago .",positive,positive,0.95,"The statement shows measurable growth in both operating profit and turnover compared to the prior year period, indicating strong operational performance and revenue expansion."
"Both operating profit and turnover for the six-month period increased , respectively , from EUR17 .6 m and EUR1149 .9 m , as compared to the corresponding period in 2007 .",positive,positive,0.95,"The statement highlights growth in both operating profit and turnover compared to 2007, indicating strong operational performance and revenue expansion."
"Both operating profit and turnover for the six-month period increased , respectively from EUR0 .1 m and EUR29 .0 m , as compared to the corresponding period a year ago .",positive,positive,0.95,"The statement shows double-digit growth in both operating profit (EUR0.1m) and turnover (EUR29.0m) compared to the prior-year period, indicating strong operational performance and revenue expansion."
Cargo volume increased by approximately 5 % .,positive,positive,0.95,"The 5% increase in cargo volume represents operational growth, aligning with the positive criterion of growth in key business metrics."
"comparable operating profit totaled EUR 854mn , up from EUR 730mn in 2004 .",positive,positive,0.95,The 124mn EUR increase in comparable operating profit demonstrates measurable growth in core operational performance.
"Digia said its consolidated net sales for January-June 2010 were EUR67 .8 m , up 9.7 % on the same period in 2009 ( EUR61 .9 m ) .",positive,positive,0.95,The 9.7% year-over-year increase in consolidated net sales demonstrates measurable growth in revenue performance.
Diluted earnings per share ( EPS ) rose to EUR 0.29 from EUR 0.05 .,positive,positive,0.95,"The significant increase in diluted EPS from EUR 0.05 to EUR 0.29 indicates strong growth in profitability, signaling positive financial performance."
Diluted earnings per share ( EPS ) rose to EUR 0.52 versus EUR 0.09 .,positive,positive,0.95,"The significant increase in diluted EPS from EUR 0.09 to EUR 0.52 demonstrates strong profitability growth, aligning with the positive sentiment criteria."
Diluted earnings per share ( EPS ) rose to EUR 1.05 from EUR 0.64 .,positive,positive,0.95,"The significant increase in diluted EPS indicates improved profitability and operational efficiency, driving a positive sentiment."
Diluted earnings per share ( EPS ) rose to EUR 3.68 from EUR 0.50 .,positive,positive,1.0,"The 636% increase in diluted EPS demonstrates significant growth in profitability per share, indicating strong operational performance or cost optimization."
Diluted EPS rose to EUR3 .68 from EUR0 .50 .,positive,positive,0.95,"The significant increase in diluted EPS from EUR0.50 to EUR3.68 indicates strong profitability growth, which is a key positive driver for investor sentiment."
EBIT margin was up from 1.4 % to 5.1 % .,positive,positive,0.95,"The EBIT margin expansion from 1.4% to 5.1% indicates improved operational efficiency and cost management, directly aligning with margin expansion as a positive fiscal driver."
"EPS from continuing operations came in at 0.30 eur , up from 0.17 .",positive,positive,0.95,"The EPS from continuing operations increased by 0.13 euros, indicating growth in profitability."
"Equity ratio was 60.9 % compared to 54.2 % In the third quarter of 2007 , net sales of the Frozen Foods Business totaled EUR 11.0 , up by about 5 % from the third quarter of 2006 .",positive,positive,0.95,The 5% year-over-year growth in Frozen Foods net sales and the 6.7 percentage point increase in equity ratio demonstrate strong operational performance and improved financial leverage.
"EUR928 ,000 in Q1 2010 6 May 2010 - Finnish textile and clothing design company Marimekko Oyj ( HEL : MMO1V ) said today its net profit rose to EUR928 ,000 in the first quarter of 2010 from EUR13 ,000 in the corresponding period a year earlier .",positive,positive,0.98,"The net profit increased 71 times year-over-year from EUR13,000 to EUR928,000, demonstrating substantial growth in operational performance."
"Finland-based Elcoteq SE , a privately held provider of electronics manufacturing services to communications companies , said Thursday it signed a long-term manufacturing supply deal with communications equipment company Andrew Corp. .",positive,neutral,0.0,The statement reports a factual operational agreement without numerical deltas or explicit financial performance indicators.
Finnish cutlery and hand tools maker Fiskars Oyj Abp ( HEL : FISAS ) said today its net profit rose to EUR 24.1 million ( USD 33.6 m ) in the third quarter of 2010 from EUR 17.9 million a year earlier .,positive,positive,0.9,"The company reported a significant increase in net profit, indicating positive growth."
Finnish department store chain Stockmann Oyj Abp net profit rose to 39.8 mln euro ( $ 56.8 mln ) for the first nine months of 2007 from 37.4 mln euro ( $ 53.4 mln ) for the same period of 2006 .,positive,positive,0.9,The net profit increased by 2.4 million euros (6.4% growth) demonstrating growth which aligns with positive financial performance indicators.
"Finnish lifting equipment maker Konecranes Oyj said on July 30 , 2008 that its net profit rose to 71.2 mln euro ( $ 111.1 mln ) for the first half of 2008 from 57.1 mln euro ( $ 89.1 mln ) for the same period of 2007 .",positive,positive,0.95,"The statement shows a 24.7% increase in net profit from 57.1 million euros to 71.2 million euros, indicating strong growth in operational performance."
Finnish metal industry solutions supplier Outotec Oyj net profit rose to 50.4 mln euro ( $ 72.5 mln ) for the first nine months of 2007 from 20.1 mln euro ( $ 28.9 mln ) for the same period of 2006 .,positive,positive,0.95,"The statement shows a significant 200% increase in net profit from 20.1mln euro to 50.4mln euro, demonstrating strong growth that aligns with the 'exceeding expectations' criterion."
Finnish metal products company Componenta Oyj net profit rose to 26.1 mln euro ( $ 35.9 mln ) for the first quarter of 2007 from 5.3 mln euro ( $ 7.3 mln ) for the same period of 2006 .,positive,positive,0.95,"The statement shows a significant growth in net profit from 5.3 million euros to 26.1 million euros, representing over 400% year-over-year growth, which aligns with the 'growth' criterion for positive sentiment."
Finnish office supplies and computer accessories dealer Beltton-Group Plc said its net profit rose to 1.3 mln euro ( $ 1.7 mln ) in 2006 from 1.13 mln euro ( $ 1.5 mln ) in 2005 .,positive,positive,0.95,"The statement shows a 14.2% increase in net profit from 1.13 million euros to 1.3 million euros, indicating growth that aligns with the positive classification criteria."
"Finnish security and privacy software solutions developer Stonesoft Oyj said on January 7 , 2008 that the preliminary sales of its StoneGate products grew by 59 pct year-on-year to 3.6 mln euro ( $ 5.3 mln ) for the fourth quarter of 2007 .",positive,positive,0.9,"The 59% year-on-year sales growth indicates strong demand for StoneGate products, driving positive sentiment."
"Finnish silicon wafer technology company Okmetic Oyj ( OMX Helsinki : OKM1V ) reported on Thursday ( 7 August ) an operating profit of EUR5 .3 m for the period January-June 2008 , up from EUR3 .3 m in the corresponding period in 2007 .",positive,positive,0.9,"The operating profit increased by EUR2 million, indicating growth in operational performance."
Finnish software developer Done Solutions Oyj said its net profit increased to 3.5 mln euro ( $ 4.6 mln ) in 2006 from 2.3 mln euro ( $ 3.0 mln ) in 2005 .,positive,positive,0.95,"The company demonstrated growth in net profit from 2.3 mln euro to 3.5 mln euro, indicating improved operational performance."
First quarter underlying operating profit rose to 41 mln eur from 33 mln a year earlier .,positive,positive,0.95,"The underlying operating profit increased by 8 mln eur, indicating growth in core operations."
"For the first nine months of 2010 , the company 's net profit rose to EUR41m from EUR30m for the corresponding period of 2009 .",positive,positive,0.95,The 33.3% year-over-year increase in net profit from EUR30m to EUR41m demonstrates measurable growth aligning with the positive criteria.
"HELSINKI ( AFX ) - Retail and wholesale group Kesko reported net sales of 659.4 mln eur for February , an increase of 10.8 pct year-on-year .",positive,positive,0.95,"The 10.8% year-on-year increase in net sales demonstrates robust growth, aligning with the positive criteria of exceeding expectations."
"However , net sales in 2010 are seen to have grown to EUR598 .3 m from EUR582 .3 m in 2009 .",positive,positive,0.95,"The statement indicates a growth in net sales from EUR582.3m to EUR598.3m, which is a positive fiscal driver."
"However , sales returned to growth in April-June 2010 , CEO Pekka Eloholma said .",positive,positive,0.9,"The statement indicates a return to sales growth, which is a positive fiscal driver."
"Ragutis , which is controlled by the Finnish brewery , reported a 5.4-per-cent rise in beer sales to 10.44 million litres and held an 11.09-per-cent market share .",positive,positive,0.95,"The 5.4-per-cent rise in beer sales demonstrates growth in revenue volume, which directly aligns with the positive sentiment criteria."
"Svyturys-Utenos Alus , which is controlled by the Nordic group Baltic Beverages Holding ( BBH ) , posted a 4.7-per-cent growth in beer sales for January-May to 46.22 million litres .",positive,positive,0.95,"The 4.7-per-cent growth in beer sales demonstrates strong operational performance and demand traction, aligning with positive fiscal indicators."
"In December alone , the members of the Lithuanian Brewers ' Association sold a total of 20.3 million liters of beer , an increase of 1.9 percent from the sales of 19.92 million liters in December 2004 .",positive,positive,0.95,The 1.9% year-over-year increase in beer sales volume indicates measurable growth in operational performance.
"In January-September 2009 , the Group 's net interest income increased to EUR 112.4 mn from EUR 74.3 mn in January-September 2008 .",positive,positive,0.9,The significant increase in net interest income indicates positive growth in the Group's financial performance.
"In Q1 of 2010 , Bank of +land 's net interest income increased from EUR 9.1 mn to EUR 9.7 mn .",positive,positive,0.8,"The increase in net interest income from EUR 9.1 mn to EUR 9.7 mn represents growth in core banking operations, aligning with the positive criterion for financial performance."
"In Sweden , operating profit for the period under review totaled EUR 3.4 mn , up 30.8 % from the corresponding period in 2005 .",positive,positive,0.95,The 30.8% year-over-year growth in operating profit demonstrates significant operational performance improvement.
"In the fourth quarter of 2009 , Orion 's net profit went up by 33.8 % year-on-year to EUR33m .",positive,positive,0.95,The 33.8% year-on-year increase in net profit demonstrates significant growth aligning with the positive criteria of exceeding expectations.
"In the second quarter of 2010 , the group 's net profit rose to EUR 3.1 million from EUR 2.5 million in April-June 2009 .",positive,positive,0.95,"The net profit increased by EUR 0.6 million, indicating growth in the company's profitability."
"In the second quarter of 2010 , the group 's net profit rose to EUR3 .1 m from EUR2 .5 m in April-June 2009 .",positive,positive,0.95,"The net profit increased by EUR0.6 million, indicating growth which is a positive fiscal driver."
"In the third quarter , net sales increased by 12 % year-on-year to EUR 159.5 million , or by 6 % at comparable currency rates growth .",positive,positive,0.95,"The 12% year-on-year net sales growth demonstrates strong top-line expansion, exceeding the 6% comparable currency rate growth, indicating robust business performance."
"In the third quarter , net sales increased by 12 % year-on-year to EUR159 .5 m , or by 6 % at comparable currency rates growth .",positive,positive,0.95,"The 12% year-on-year net sales growth and 6% comparable currency rate growth indicate strong top-line expansion, which is a clear positive fiscal driver."
Its market share widened to 48.51 percent from 48.31 percent a year earlier .,positive,positive,0.9,"The market share increased by 0.2 percentage points, indicating growth."
"Kesko Agro Eesti , the retailer and wholesaler of grain , agricultural and warehousing machinery and accessories , had net sales of 81 million euros in 2007 , an increase by one-tenth over the preceding year .",positive,positive,0.95,"The 10% year-over-year increase in net sales demonstrates measurable growth, aligning with the positive criterion of exceeding prior-year performance."
"Kesko 's car import and retailing business , VV-Auto , saw sales grow by 17.1 pct .",positive,positive,0.95,The 17.1% sales growth in Kesko's core automotive business indicates strong demand and operational effectiveness driving positive financial momentum.
Kone 's net sales rose by some 14 % year-on-year in the first nine months of 2008 .,positive,positive,1.0,"The 14% year-on-year increase in net sales demonstrates significant growth, aligning with the positive classification criteria."
"( ADP News ) - Feb 11 , 2009 - Finnish management software solutions provider Ixonos Oyj ( HEL : XNS1V ) said today its net profit rose to EUR 3.5 million ( USD 4.5 m ) for 2008 from EUR 3.1 million for 2007 .",positive,positive,0.95,"The statement highlights a 12.9% increase in net profit to EUR 3.5 million in 2008 compared to EUR 3.1 million in 2007, demonstrating clear revenue growth."
"( ADP News ) - Feb 12 , 2009 - Finnish IT solutions provider Affecto Oyj ( HEL : AFE1V ) said today its net profit rose to EUR 8.5 million ( USD 11m ) in 2008 from EUR 7 million in 2007 .",positive,positive,0.95,"The company reported a significant increase in net profit from EUR 7 million to EUR 8.5 million, demonstrating growth in core financial performance."
"( ADP News ) - Feb 6 , 2009 - Finnish fishing tackle company Rapala VMC Corp ( HEL : RAP1V ) said today its net profit rose to EUR 19.2 million ( USD 24.6 m ) for 2008 from EUR 17.5 million for 2007 .",positive,positive,0.95,The company reported a 9.2% increase in net profit (EUR 19.2M vs EUR 17.5M) demonstrating growth in core operations.
"( ADP News ) - Nov 5 , 2008 - Finnish electronic measurement products and solutions maker Vaisala Oyj ( OMX : VAIAS ) said today that its net profit rose to EUR 18 million ( USD 23.1 m ) for the first nine months of 2008 from EUR 1",positive,positive,0.75,"The statement indicates growth in net profit for the first nine months of 2008, which aligns with the positive classification criteria for financial performance improvement."
"( ADP News ) - Oct 29 , 2008 - Finnish lifting equipment maker Konecranes Oyj ( OMX : KCR1V ) said today that its net profit rose to EUR 116.6 million ( USD 149.1 m ) in the first nine months of 2008 from EUR 73.6 million for the s",positive,positive,0.95,The statement shows a significant increase in net profit (EUR 116.6M vs EUR 73.6M) indicating growth and strong operational performance.
"Metso expects its net sales to increase by about 10 % in 2008 , at comparable exchange rates .",positive,positive,0.95,"The 10% growth in net sales represents expansion and exceeds expectations, aligning with positive fiscal drivers."
Net interest income increased by 4.5 % to EUR 31.4 mn from EUR 30.0 mn in 2004 .,positive,positive,0.85,"The 4.5% increase in net interest income demonstrates growth in core revenue generation, indicating improved lending activities or interest rate environment."
"Net interest income was EUR 152.2 mn , up from EUR 101.0 mn in 2008 .",positive,positive,0.95,"The significant increase in net interest income demonstrates growth in the company's interest-earning activities, aligning with positive financial performance indicators."
"Net interest income was EUR 39.3 mn , up from EUR 32.7 mn .",positive,positive,0.95,"Net interest income increased by EUR 6.6 mn, indicating growth in core banking operations."
Net sales of the Vegetable Oil Business rose to EUR 10.6 mn from EUR 10.1 mn .,positive,positive,0.9,Net sales growth of EUR 0.5 mn (4.95% increase) indicates positive revenue expansion in the Vegetable Oil Business.
"Nokia Multimedia 's net sales totaled EUR 5.7 bn , up 45 % from the corresponding period in 2005 .",positive,positive,0.95,"The 45% year-over-year increase in net sales indicates strong growth, classifying this as positive."
Operating income rose to EUR 696.4 mn from EUR 600.3 mn in 2009 .,positive,positive,0.95,The 96.1 million euro increase in operating income demonstrates significant growth in core operational performance.
"Operating profit of Kauppalehti group rose to EUR 1.5 mn from EUR 1.3 mn , and that of Marketplaces to EUR 1.3 mn from EUR 1.0 mn in the third quarter of 2006 .",positive,positive,0.95,"Operating profits for both Kauppalehti group and Marketplaces showed sequential growth, indicating improved operational performance and revenue generation."
Operating profit rose from EUR 1.94 mn to EUR 2.45 mn .,positive,positive,0.95,"Operating profit increased by EUR 0.51 mn, reflecting growth in core operations."
Operating profit rose to 22.1 mln eur from 19.9 mln .,positive,positive,0.95,The 2.2 mln eur increase in operating profit demonstrates growth in core operational performance.
Operating profit rose to EUR 1.6 mn from EUR 1.1 mn in the corresponding period in 2006 .,positive,positive,0.95,"The operating profit increased by EUR 0.5 mn (45%) year-over-year, demonstrating growth that aligns with the positive classification criteria."
Operating profit rose to EUR 103.4 mn from EUR 23.2 in the corresponding period in 2006 .,positive,positive,0.95,"Operating profit experienced significant growth from EUR 23.2 mn to EUR 103.4 mn, indicating strong operational performance and revenue expansion."
Operating profit rose to EUR 13.5 mn from EUR 9.7 mn in the corresponding period in 2006 .,positive,positive,0.95,"Operating profit increased by EUR 3.8 mn (40%) year-over-year, demonstrating strong growth in core operations."
Operating profit rose to EUR 26.7 mn from EUR 14.9 mn in the corresponding period in 2006 .,positive,positive,0.95,"Operating profit increased significantly from EUR 14.9 mn to EUR 26.7 mn, indicating strong growth."
Operating profit rose to EUR 27.8 mn from EUR 17.5 mn in 2008 .,positive,positive,0.95,"The operating profit increased by EUR 10.3 mn (59%) year-over-year, demonstrating significant growth that aligns with the positive classification criteria."
Operating profit rose to EUR 3.2 mn from EUR 1.0 mn in the corresponding period in 2008 .,positive,positive,0.95,"Operating profit increased by 220% year-over-year, demonstrating significant growth that aligns with the positive classification criteria."
Operating profit rose to EUR 4.7 mn from EUR 3.6 mn .,positive,positive,1.0,"Operating profit increased by EUR 1.1 mn, indicating growth in core operations."
Operating profit rose to EUR 4.7 mn from EUR 4.6 mn .,positive,positive,0.95,"Operating profit increased by EUR 0.1 mn, demonstrating growth in core operational performance."
Operating profit rose to EUR 9.2 mn from EUR 6.8 mn in the corresponding period in 2007 .,positive,positive,0.95,"Operating profit increased by EUR 2.4 mn, reflecting growth in core operational performance."
Operating profit rose to EUR2 .4 m from EUR1 .6 m year earlier .,positive,positive,0.9,"Operating profit increased by 50% year-over-year, indicating strong growth."
"Operating profit surged to EUR21m from EUR106 ,000 .",positive,positive,0.95,"Operating profit experienced a significant surge from EUR106,000 to EUR21m, indicating substantial growth and exceeding expectations."
"Operating profit totaled EUR 37,7 mn , up slightly from EUR 37.2 mn in the corresponding period in 2006 .",positive,positive,0.7,"Operating profit showed a slight increase, indicating minimal growth despite the small numerical delta."
"Operating profit totaled EUR 5.5 mn , up from EUR -0.7 mn .",positive,positive,0.95,"The operating profit increased significantly from a loss to a positive figure, indicating strong operational improvement."
"Operating profit was EUR 11.4 mn , up from EUR 7.5 mn .",positive,positive,0.95,"Operating profit increased significantly from EUR 7.5 mn to EUR 11.4 mn, indicating strong growth."
"Operating profit was EUR 139.7 mn , up 23 % from EUR 113.8 mn .",positive,positive,0.95,"The 23% year-over-year growth in operating profit to EUR 139.7 mn demonstrates strong operational performance and revenue growth, which are key positive indicators for investor sentiment."
"Order intake grew by 40 % year-on-year and 30 % year-on-year , respectively , to EUR 576 million and EUR 1.7 billion for the respective January-September and July-September 2010 periods .",positive,positive,0.95,The significant year-on-year growth in order intake (40% and 30%) demonstrates strong demand and positive business expansion.
Orders received grew by 55 % year-on-year to EUR732m .,positive,positive,0.95,"The 55% year-on-year growth in orders indicates strong demand and potential revenue growth, classifying as positive."
Orion Pharma 's operating profit increased by 42.5 % from 2004 .,positive,positive,0.95,"The 42.5% increase in operating profit represents significant growth, directly aligning with the positive criterion of growth."
Passenger volumes rose by 8.4 % in the accounting period .,positive,positive,0.95,"Passenger volume growth of 8.4% indicates positive momentum in demand, aligning with growth criteria."
Passenger-related revenue rose by 5.1 % to EUR 460.8 mn from EUR 438.5 mn in 2009 .,positive,positive,0.95,The 5.1% revenue growth in passenger-related income demonstrates strong operational performance and exceeds prior-year expectations.
Pretax profit rose to EUR 0.6 mn from EUR 0.4 mn in the corresponding period in 2005 .,positive,positive,0.95,The 50% increase in pretax profit from EUR 0.4 mn to EUR 0.6 mn demonstrates clear growth in core profitability.
"Pretax profit rose to EUR 1,019 mn from EUR 1,007 in the corresponding period in 2005 .",positive,positive,0.95,"Pretax profit increased by EUR 12 million, indicating growth in profitability."
Pretax profit rose to EUR 17.8 mn from EUR 14.9 mn in 2005 .,positive,positive,0.95,The 2.9 million euro increase in pretax profit demonstrates measurable growth in operational performance.
"Pre-tax profit totaled EUR 397.4 mn , up from EUR 164.7 mn .",positive,positive,0.95,"The pre-tax profit increased significantly from EUR 164.7 mn to EUR 397.4 mn, indicating strong growth in operational performance."
"Profit for the period totaled EUR 39.4 mn , up from EUR 33.9 mn in the corresponding period in 2006 .",positive,positive,0.95,The profit increase of EUR 5.5 million (from EUR 33.9 mn to EUR 39.4 mn) demonstrates measurable growth in operational performance.
"Profit for the period was EUR 5.9 mn , up from EUR 1.3 mn .",positive,positive,0.95,"The profit increased significantly from EUR 1.3 mn to EUR 5.9 mn, indicating strong growth."
"Profit for the period was EUR 9.8 mn , up from EUR 6.0 mn in 2004 .",positive,positive,0.95,"The profit increased by EUR 3.8 mn (63% growth) compared to 2004, indicating strong operational performance and revenue growth."
Revenue grew 12 percent to (  x20ac ) 3.6 billion ( US$ 4.5 billion ) .,positive,positive,0.95,"The 12 percent revenue growth to 3.6 billion (US$4.5 billion) demonstrates strong top-line expansion, which is a clear indicator of positive financial performance."
"Revenue in July to September grew 14 percent to ( EURO ) 467 million from a year earlier , the company said Thursday .",positive,positive,0.95,The 14% revenue growth indicates positive performance driven by increased sales.
Revenues at the same time grew 14 percent to 43 million euros .,positive,positive,0.95,"The 14% revenue growth indicates strong top-line performance, which aligns with the positive classification criteria for growth."
"Sales in Latin America increased by 42 % to EUR 432mn , and a total of 8.7 mn mobile devices were sold in the area , representing an increase of 32 % from the corresponding period in 2009 .",positive,positive,0.95,"The 42% sales growth and 32% increase in mobile devices sold demonstrate significant expansion in Latin America, aligning with positive growth metrics."
Sanoma Magazines Finland 's net sales grew to EUR 140.1 mn from EUR 131.8 mn .,positive,positive,0.95,The net sales growth of EUR 8.3 million reflects strong top-line performance and exceeds the previous period's revenue.
"Section : Regional News - The demand in Finnair 's Asian traffic , measured in passenger kilometers , was up 34.9 % in August compare to last year .",positive,positive,0.95,The 34.9% year-over-year growth in Asian traffic demand indicates strong market expansion and improved operational performance in a key region.
"Svyturys-Utenos Alus , which is controlled by the Nordic group Baltic Beverages Holding ( BBH ) , posted a 6.1 percent growth in beer sales for January-September to 101.99 million liters .",positive,positive,0.95,"The 6.1 percent growth in beer sales demonstrates expansion in core operations, aligning with the positive criteria of growth."
That would be an increase from estimated sales of 117 million last year .,positive,positive,0.95,"The statement indicates sales growth compared to last year's estimated figure of $117 million, reflecting positive momentum in revenue performance."
"The chain posted sales of 298 million euros for full 2005 , a rise of 19.5 percent , year-on-year .",positive,positive,0.95,"The 19.5% year-on-year sales growth demonstrates significant expansion, aligning with the positive criterion of growth."
The company expects its net sales in 2008 to increase 5-10 % from 2007 .,positive,positive,0.9,The expected 5-10% growth in net sales represents expansion and positive momentum in revenue generation.
"The company 's operating income ( EBIT ) totalled EUR 0.0 mn , up from EUR -0.3 mn year-on-year .",positive,positive,0.95,"The company's EBIT improved from a year-on-year loss of EUR -0.3 mn to breakeven (EUR 0.0 mn), indicating operational stabilization and potential cost management success."
The EPS outlook was increased by 5.6 pct for 2007 and 7.0 pct for 2008 .,positive,positive,0.95,The EPS outlook increase of 5.6% and 7.0% for 2007 and 2008 respectively signals growth expectations and improved earnings performance.
